kappa,Seed,Closure,N,Duration_s,MC_runtime_s,bias_hz_50ms,rmse_hz_50ms,crmse_hz_50ms,mc_std_hz_50ms,nrmse_50ms,centered_nrmse_50ms,mc_mean_hz_50ms,closure_mean_hz_50ms,mass_min,mass_final,mass_error_max,tail_mass_max,cum_leak_final,runtime_s,pde_kappa,use_jensen,dr,dt,R_max,dynamic_joint_moments,min_cov_eigenvalue,covariance_projection_total
0.5,0,mean_only,5000,8.0,25.900378324993653,-1.1427167345145703,1.1471436463504396,0.10068271958255458,0.14006219412378662,8.190244723259132,0.7188429412548788,8.2669,7.1241832654854305,0.9999820137248521,0.9999820137248521,1.798627514792983e-05,1.6613527765526318e-05,1.7986275146773712e-05,9.426701663003769,0.5,False,0.001,0.0001,2.0,False,0.0,0.0
0.5,0,variance_corrected,5000,8.0,25.900378324993653,0.12939310452918334,0.16283481138973344,0.0988564631201718,0.14006219412378662,1.1625893226106427,0.7058040446860535,8.2669,8.396293104529185,0.9999988125710715,0.9999988125710715,1.18742892851742e-06,1.9496462654404643e-06,1.187428926442106e-06,9.767437943010009,0.5,True,0.001,0.0001,2.0,False,0.0,0.0
0.5,0,joint_gaussian,5000,8.0,25.900378324993653,-0.007711110372063074,0.09930626124199045,0.09900642554244807,0.14006219412378662,0.7090154617613931,0.7068747292002754,8.2669,8.25918888962794,0.9999972862325163,0.9999972862325163,2.7137674837307557e-06,3.73085492444033e-06,2.713767482665502e-06,32.601867133998894,0.5,False,0.001,0.0001,2.0,True,-1.6543612251060553e-24,3.3667257727203675e-12
0.5,1,mean_only,5000,8.0,17.17696375399828,-1.1178214427781257,1.1220345417393027,0.0971428583147342,0.1243977443341699,9.019733820294837,0.7809053036667541,8.2634,7.145578557221874,0.9999827558266292,0.9999827558266292,1.724417337078954e-05,1.6185317321277044e-05,1.724417336919797e-05,9.194683369001723,0.5,False,0.001,0.0001,2.0,False,0.0,0.0
0.5,1,variance_corrected,5000,8.0,17.17696375399828,0.15774799469588638,0.18454484194019782,0.09577248485947941,0.1243977443341699,1.4835063362921972,0.7698892401312808,8.2634,8.421147994695888,0.9999988719087202,0.9999988719087202,1.1280912798339315e-06,1.8902253254554363e-06,1.1280912785434402e-06,10.026800959996763,0.5,True,0.001,0.0001,2.0,False,0.0,0.0
0.5,1,joint_gaussian,5000,8.0,17.17696375399828,0.020150441081208028,0.0980020692902596,0.0959081086739052,0.1243977443341699,0.7878122695456314,0.7709794834885998,8.2634,8.28355044108121,0.9999974102393772,0.9999974102393772,2.5897606228397763e-06,3.6254334380998377e-06,2.58976061976379e-06,40.56379467000079,0.5,False,0.001,0.0001,2.0,True,-1.6543612251060553e-24,2.7200119799614226e-12
0.5,2,mean_only,5000,8.0,19.824557328000083,-1.095231995050684,1.1000944867788731,0.10331871494831536,0.12711635063900426,8.65423276587773,0.8127885549651167,8.239133333333335,7.14390133828265,0.9999826992889298,0.9999826992889298,1.7300711070200592e-05,1.568208351071542e-05,1.7300711068323736e-05,25.615331804991,0.5,False,0.001,0.0001,2.0,False,0.0,0.0
0.5,2,variance_corrected,5000,8.0,19.824557328000083,0.18005948724917883,0.20692842354886318,0.10197035610401943,0.12711635063900426,1.6278663012952281,0.8021812740172463,8.239133333333335,8.419192820582513,0.9999988673115822,0.9999988673115822,1.1326884178375352e-06,1.8092542845796634e-06,1.1326884170110953e-06,28.83672777499305,0.5,True,0.001,0.0001,2.0,False,0.0,0.0
0.5,2,joint_gaussian,5000,8.0,19.824557328000083,0.04250392374789021,0.11059931284669093,0.10210594727141875,0.12711635063900426,0.8700636251018581,0.8032479437785925,8.239133333333335,8.281637257081224,0.999997400606048,0.999997400606048,2.5993939519741716e-06,3.4834038217554074e-06,2.599393949376279e-06,46.57665275099862,0.5,False,0.001,0.0001,2.0,True,-8.271806125530277e-25,2.0909584922893933e-12
0.5,3,mean_only,5000,8.0,21.056464182998752,-1.0946664033322877,1.100066448120851,0.1088653098869389,0.12747994088586542,8.629329763384154,0.8539799213148956,8.2125,7.117833596667714,0.9999819194271897,0.9999819194271897,1.8080572810275086e-05,1.635903636357326e-05,1.8080572808492963e-05,9.15478965100192,0.5,False,0.001,0.0001,2.0,False,0.0,0.0
0.5,3,variance_corrected,5000,8.0,21.056464182998752,0.17642678526895608,0.20815939528133565,0.11047136861446501,0.12747994088586542,1.6328796031346113,0.8665784424341048,8.2125,8.388926785268957,0.9999988051787272,0.9999988051787272,1.1948212728096763e-06,1.91404262436722e-06,1.1948212708270303e-06,9.331196543993428,0.5,True,0.001,0.0001,2.0,False,0.0,0.0
0.5,3,joint_gaussian,5000,8.0,21.056464182998752,0.03946795371876125,0.11700618197464233,0.11014865977185938,0.12747994088586542,0.9178399453401034,0.8640469944246132,8.2125,8.251967953718765,0.9999972707413672,0.9999972707413672,2.729258632760967e-06,3.6676578265260356e-06,2.72925863195575e-06,33.175812638000934,0.5,False,0.001,0.0001,2.0,True,-1.6543612251060553e-24,3.3816761862531512e-12
0.5,4,mean_only,5000,8.0,17.136239127998124,-1.117042194897066,1.120298498816919,0.08535491357260935,0.10099874671685848,11.092201985016526,0.8451086409210077,8.239566666666668,7.1225244717696015,0.9999818094734786,0.9999818094734786,1.8190526521411066e-05,1.6529750626932905e-05,1.8190526521375727e-05,11.834442745006527,0.5,False,0.001,0.0001,2.0,False,0.0,0.0
0.5,4,variance_corrected,5000,8.0,17.136239127998124,0.1548215877404319,0.1770880997972816,0.0859678489863723,0.10099874671685848,1.7533692798558507,0.8511773836894825,8.239566666666668,8.394388254407101,0.9999987962295855,0.9999987962295855,1.2037704144596262e-06,1.9380347823492093e-06,1.2037704126282173e-06,10.027852314000484,0.5,True,0.001,0.0001,2.0,False,0.0,0.0
0.5,4,joint_gaussian,5000,8.0,17.136239127998124,0.017753615767347596,0.0876440215556517,0.0858270565826006,0.10099874671685848,0.8677733576373414,0.8497833821959154,8.239566666666668,8.257320282434016,0.9999972522094888,0.9999972522094888,2.7477905112371914e-06,3.7101762753286984e-06,2.74779050988079e-06,32.33889579799143,0.5,False,0.001,0.0001,2.0,True,-1.6543612251060553e-24,3.3635048379378963e-12
1.0,0,mean_only,5000,8.0,15.16748322499916,-1.0761053701065035,1.0811007101049455,0.10380740733378518,0.13306787335818251,8.12443065949447,0.7801087122987521,8.2001,7.123994629893498,0.9999819764051108,0.9999819764051108,1.8023594889227113e-05,1.6288571742187022e-05,1.802359488789987e-05,9.496819001986296,1.0,False,0.001,0.0001,2.0,False,0.0,0.0
1.0,0,variance_corrected,5000,8.0,15.16748322499916,0.19597928494017097,0.2211819836347238,0.10253579745108789,0.13306787335818251,1.6621741826395773,0.7705526124633361,8.2001,8.396079284940173,0.9999988096896287,0.9999988096896287,1.1903103712684882e-06,1.9035519464484862e-06,1.190310369276709e-06,11.443744096002774,1.0,True,0.001,0.0001,2.0,False,0.0,0.0
1.0,0,joint_gaussian,5000,8.0,15.16748322499916,-0.006356234606866398,0.10287259233318809,0.10267603680982619,0.13306787335818251,0.7730836131744817,0.7716065059028202,8.2001,8.193743765393135,0.9999976187321407,0.9999976187321407,2.3812678593415626e-06,3.3010840772733936e-06,2.381267858950626e-06,32.21180188200378,1.0,False,0.001,0.0001,2.0,True,-1.6543612251060553e-24,6.733451635370456e-12
1.0,1,mean_only,5000,8.0,17.568941022997024,-1.05905708393589,1.063166340435203,0.09338501164315112,0.11457604980828445,9.279132438359998,0.8150482740451302,8.197533333333332,7.138476249397445,0.9999824830450345,0.9999824830450345,1.7516954965546283e-05,1.611523514527169e-05,1.751695496399585e-05,9.578871752004488,1.0,False,0.001,0.0001,2.0,False,0.0,0.0
1.0,1,variance_corrected,5000,8.0,17.568941022997024,0.21537301509750373,0.2343388803399781,0.09235353380788963,0.11457604980828445,2.0452693275085676,0.8060457134141134,8.197533333333332,8.412906348430838,0.9999988502898636,0.9999988502898636,1.1497101364277285e-06,1.8684904315357258e-06,1.1497101333596834e-06,10.737885638998705,1.0,True,0.001,0.0001,2.0,False,0.0,0.0
1.0,1,joint_gaussian,5000,8.0,17.568941022997024,0.012593040393240407,0.09334573973849929,0.0924923913680572,0.11457604980828445,0.8147055156351698,0.8072576382483166,8.197533333333332,8.210126373726574,0.9999976949066497,0.9999976949066497,2.3050933503077076e-06,3.2429453312932806e-06,2.305093349485372e-06,35.68552848500258,1.0,False,0.001,0.0001,2.0,True,-8.271806125530277e-25,5.440023993386731e-12
1.0,2,mean_only,5000,8.0,15.4498456089932,-1.0339746840389799,1.038046626904452,0.0918539732085763,0.1123163699026211,9.242166816862438,0.8178146541614031,8.171033333333336,7.137058649294355,0.9999824464029974,0.9999824464029974,1.7553597002617494e-05,1.5701892725472824e-05,1.7553597000518634e-05,9.233073267998407,1.0,False,0.001,0.0001,2.0,False,0.0,0.0
1.0,2,variance_corrected,5000,8.0,15.4498456089932,0.24021879238081079,0.2568141158977055,0.0908208231157647,0.1123163699026211,2.2865243607887673,0.8086160832522173,8.171033333333336,8.411252125714144,0.9999988472676632,0.9999988472676632,1.1527323368065723e-06,1.8122775749719828e-06,1.152732333198511e-06,13.840547237996361,1.0,True,0.001,0.0001,2.0,False,0.0,0.0
1.0,2,joint_gaussian,5000,8.0,15.4498456089932,0.03748554780631339,0.09837749290360825,0.0909558399205905,0.1123163699026211,0.8758963006808542,0.8098181947960899,8.171033333333336,8.208518881139648,0.9999976892362412,0.9999976892362412,2.310763758783807e-06,3.1512780771655113e-06,2.3107637552670567e-06,36.50719081101124,1.0,False,0.001,0.0001,2.0,True,-8.271806125530277e-25,4.181916994839089e-12
1.0,3,mean_only,5000,8.0,16.719169566000346,-1.0319403670876304,1.0375521344600072,0.10776599880093692,0.1208745235263459,8.583712300912289,0.891552625458318,8.1513,7.119359632912372,0.9999819128717555,0.9999819128717555,1.8087128244470563e-05,1.6116696710746274e-05,1.808712824186256e-05,9.373387133004144,1.0,False,0.001,0.0001,2.0,False,0.0,0.0
1.0,3,variance_corrected,5000,8.0,16.719169566000346,0.23940279448115345,0.26321649786582846,0.10940396127822011,0.1208745235263459,2.1776011204582546,0.905103557693647,8.1513,8.390702794481154,0.9999988047076143,0.9999988047076143,1.1952923857361242e-06,1.880250097914776e-06,1.1952923826278053e-06,9.713529330008896,1.0,True,0.001,0.0001,2.0,False,0.0,0.0
1.0,3,joint_gaussian,5000,8.0,16.719169566000346,0.03720732193701628,0.11517926314382049,0.10900402677254024,0.1208745235263459,0.9528828721191686,0.9017948827635432,8.1513,8.188507321937019,0.9999976093954475,0.9999976093954475,2.3906045525379227e-06,3.261686380978492e-06,2.3906045529389864e-06,37.230208503999165,1.0,False,0.001,0.0001,2.0,True,-1.6543612251060553e-24,6.763352459572369e-12
1.0,4,mean_only,5000,8.0,18.069605512995622,-1.0539259149295115,1.0569594579742936,0.08002163233341761,0.09408682863292062,11.233872725140058,0.8505083389049246,8.177366666666666,7.1234407517371565,0.9999818470510674,0.9999818470510674,1.8152948932592672e-05,1.6250261349628498e-05,1.815294893195237e-05,9.527013635990443,1.0,False,0.001,0.0001,2.0,False,0.0,0.0
1.0,4,variance_corrected,5000,8.0,18.069605512995622,0.2180871697721035,0.23235624079876407,0.08017112334829136,0.09408682863292062,2.4695937165158472,0.8520972012042055,8.177366666666666,8.39545383643877,0.9999987993215043,0.9999987993215043,1.2006784957385719e-06,1.8988745370017491e-06,1.20067849407154e-06,12.996319538986427,1.0,True,0.001,0.0001,2.0,False,0.0,0.0
1.0,4,joint_gaussian,5000,8.0,18.069605512995622,0.01576544421569845,0.08162865048627799,0.08009174332534305,0.09408682863292062,0.8675884996055275,0.8512535121979791,8.177366666666666,8.193132110882365,0.9999975994176578,0.9999975994176578,2.4005823422434958e-06,3.2934829760791857e-06,2.4005823377543503e-06,35.31231377000222,1.0,False,0.001,0.0001,2.0,True,-1.6543612251060553e-24,6.727009766485164e-12
2.0,0,mean_only,5000,8.0,15.592213907002588,-1.0143893512523154,1.019223556493747,0.09915090608597307,0.11746268625974937,8.676998534154942,0.8441055559270727,8.138166666666669,7.123777315414353,0.9999818984436499,0.9999818984436499,1.8101556350069714e-05,1.5898524345842247e-05,1.8101556347596222e-05,12.774407085002167,2.0,False,0.001,0.0001,2.0,False,0.0,0.0
2.0,0,variance_corrected,5000,8.0,15.592213907002588,0.2576653252452153,0.2760101386995432,0.09894532243223274,0.11746268625974937,2.3497686583566826,0.8423553520088197,8.138166666666669,8.395831991911884,0.999998803532455,0.999998803532455,1.1964675450393258e-06,1.8319878612580216e-06,1.1964675433160928e-06,9.749434605997521,2.0,True,0.001,0.0001,2.0,False,0.0,0.0
2.0,0,joint_gaussian,5000,8.0,15.592213907002588,0.0010196053013241107,0.09890901432663785,0.0989037588774894,0.11746268625974937,0.8420462486948141,0.8420015072597611,8.138166666666669,8.139186271967993,0.9999978716177798,0.9999978716177798,2.1283822202455838e-06,2.9119595224679003e-06,2.1283822164752906e-06,41.09814672899665,2.0,False,0.001,0.0001,2.0,True,-1.6543612251060553e-24,1.3466903630222023e-11
2.0,1,mean_only,5000,8.0,17.757040803990094,-1.0058328815396882,1.0095006172885774,0.08597505870650392,0.10043660771852242,10.05112219757305,0.8560131675041478,8.13026666666667,7.12443378512698,0.999981924724656,0.999981924724656,1.8075275344031638e-05,1.609771482667288e-05,1.807527534289128e-05,9.524889961990993,2.0,False,0.001,0.0001,2.0,False,0.0,0.0
2.0,1,variance_corrected,5000,8.0,17.757040803990094,0.26634066776903675,0.2797501192217963,0.08557323119383123,0.10043660771852242,2.7853401819962613,0.8520123602108666,8.13026666666667,8.396607334435705,0.9999988057383462,0.9999988057383462,1.1942616537918838e-06,1.8442821682368537e-06,1.1942616519994284e-06,9.580089005001355,2.0,True,0.001,0.0001,2.0,False,0.0,0.0
2.0,1,joint_gaussian,5000,8.0,17.757040803990094,0.009668000542988017,0.08615635670973538,0.08561219286407719,0.10043660771852242,0.8578182663356373,0.8524002832115632,8.13026666666667,8.139934667209655,0.9999978754009723,0.9999978754009723,2.1245990277085625e-06,2.9375373411882815e-06,2.124599028201177e-06,32.72366771599627,2.0,False,0.001,0.0001,2.0,True,-8.271806125530277e-25,1.0880048120546999e-11
2.0,2,mean_only,5000,8.0,15.718667662004009,-0.9733273894342446,0.9773482909645805,0.08856339440482601,0.09856796661825874,9.915475833540594,0.8985007750826476,8.096833333333334,7.12350594389909,0.9999819312533454,0.9999819312533454,1.8068746654553713e-05,1.590213064387902e-05,1.806874665239373e-05,11.983516842999961,2.0,False,0.001,0.0001,2.0,False,0.0,0.0
2.0,2,variance_corrected,5000,8.0,15.718667662004009,0.29868842408984403,0.3116717871544591,0.0890198192695309,0.09856796661825874,3.161998749162844,0.9031313348919268,8.096833333333334,8.39552175742318,0.9999988061892375,0.9999988061892375,1.1938107624676064e-06,1.8258933040585092e-06,1.1938107607868019e-06,29.018211839997093,2.0,True,0.001,0.0001,2.0,False,0.0,0.0
2.0,2,joint_gaussian,5000,8.0,15.718667662004009,0.04205328704568513,0.09830793863183011,0.08885928115111492,0.09856796661825874,0.9973619422683672,0.9015026301116231,8.096833333333334,8.138886620379019,0.9999978761820821,0.9999978761820821,2.1238179178650896e-06,2.902330934403299e-06,2.1238179168179773e-06,62.15220283099916,2.0,False,0.001,0.0001,2.0,True,-8.271806125530277e-25,8.363834030710887e-12
2.0,3,mean_only,5000,8.0,16.751525261992356,-0.9776344191362228,0.9835081123815629,0.10732730146856888,0.11960064263307946,8.223267791284774,0.8973806419906645,8.10016666666667,7.122532247530445,0.9999818983709603,0.9999818983709603,1.8101629039701805e-05,1.5898895315262316e-05,1.810162903897205e-05,9.789665761010838,2.0,False,0.001,0.0001,2.0,False,0.0,0.0
2.0,3,variance_corrected,5000,8.0,16.751525261992356,0.2942238380920863,0.3135146305158784,0.10827629771039252,0.11960064263307946,2.6213457019432913,0.9053153505418137,8.10016666666667,8.394390504758755,0.9999988035674634,0.9999988035674634,1.196432536598735e-06,1.8493010999211302e-06,1.196432534303738e-06,9.704969238999183,2.0,True,0.001,0.0001,2.0,False,0.0,0.0
2.0,3,joint_gaussian,5000,8.0,16.751525261992356,0.03762146231452647,0.11434597215703478,0.10797975236984958,0.11960064263307946,0.9560648641983858,0.9028358877729329,8.10016666666667,8.137788128981194,0.9999978716922294,0.9999978716922294,2.1283077705769315e-06,2.9376336841922878e-06,2.1283077685602575e-06,34.32882981500006,2.0,False,0.001,0.0001,2.0,True,-1.6543612251060553e-24,1.3526705267180264e-11
2.0,4,mean_only,5000,8.0,16.266280935989926,-0.9943516694082098,0.9971776236402277,0.07501980161182772,0.08979267608830607,11.105333609386575,0.8354779574455488,8.119700000000002,7.125348330591792,0.9999819222266705,0.9999819222266705,1.8077773329516766e-05,1.5764280661975093e-05,1.8077773328929515e-05,10.778565785003593,2.0,False,0.001,0.0001,2.0,False,0.0,0.0
2.0,4,variance_corrected,5000,8.0,16.266280935989926,0.27796940639648976,0.2877236022863852,0.07428243682215241,0.08979267608830607,3.2043103604956062,0.8272660985078537,8.119700000000002,8.39766940639649,0.9999988054536086,0.9999988054536086,1.1945463913587417e-06,1.8314209019076088e-06,1.1945463906728795e-06,10.903427439989173,2.0,True,0.001,0.0001,2.0,False,0.0,0.0
2.0,4,joint_gaussian,5000,8.0,16.266280935989926,0.02126259502172408,0.07738935928213378,0.07441112136664343,0.08979267608830607,0.8618671661598065,0.8286992281359814,8.119700000000002,8.140962595021726,0.9999978749787386,0.9999978749787386,2.1250212614010167e-06,2.911461139446998e-06,2.1250212599978147e-06,46.55143801799568,2.0,False,0.001,0.0001,2.0,True,-1.6543612251060553e-24,1.3454019895168995e-11
4.0,0,mean_only,5000,8.0,18.927814509996097,-1.2073575701844739,1.212231797082073,0.10859846948772153,0.1443242135032097,8.39936534319041,0.7524618832258965,8.331333333333333,7.12397576314886,0.9999817288531329,0.9999817288531329,1.8271146867143706e-05,1.7075827237490787e-05,1.8271146865055445e-05,15.99266850699496,4.0,False,0.001,0.0001,2.0,False,0.0,0.0
4.0,0,variance_corrected,5000,8.0,18.927814509996097,0.06471796020482806,0.12661491563291183,0.10882519233916228,0.1443242135032097,0.8772950328954744,0.7540328105563663,8.331333333333333,8.396051293538164,0.9999987895902988,0.9999987895902988,1.2104097012466397e-06,1.9789517945592343e-06,1.2104096985023525e-06,11.20561236400681,4.0,True,0.001,0.0001,2.0,False,0.0,0.0
4.0,0,joint_gaussian,5000,8.0,18.927814509996097,0.0005938997979399659,0.10871310671159944,0.10871148446193536,0.1443242135032097,0.7532561866978871,0.7532449463825949,8.331333333333333,8.331927233131275,0.9999968453971586,0.9999968453971586,3.154602841393128e-06,4.190441985320808e-06,3.1546028397266963e-06,37.46810805599671,4.0,False,0.001,0.0001,2.0,True,-1.6543612251060553e-24,2.6933808696483835e-11
4.0,1,mean_only,5000,8.0,15.538388172994019,-1.1982432967325236,1.2011153458823929,0.08301250477942416,0.10830386038473562,11.090235764594023,0.7664778012947355,8.295233333333334,7.09699003660081,0.9999807557183582,0.9999807557183582,1.9244281641794814e-05,1.7146798157949748e-05,1.9244281639979527e-05,9.509113632011577,4.0,False,0.001,0.0001,2.0,False,0.0,0.0
4.0,1,variance_corrected,5000,8.0,15.538388172994019,0.06950480002274495,0.10902400488976521,0.08399593094907504,0.10830386038473562,1.0066492967330192,0.7755580516769229,8.295233333333334,8.364738133356079,0.9999987111750597,0.9999987111750597,1.2888249403264496e-06,2.0259235640773975e-06,1.2888249377661815e-06,9.738411140002427,4.0,True,0.001,0.0001,2.0,False,0.0,0.0
4.0,1,joint_gaussian,5000,8.0,15.538388172994019,0.005777622607801411,0.08404021214517238,0.0838413760288284,0.10830386038473562,0.7759669124131888,0.7741310026345564,8.295233333333334,8.301010955941136,0.99999666406345,0.99999666406345,3.3359365499974203e-06,4.269277042924922e-06,3.3359365498289573e-06,32.8471633070003,4.0,False,0.001,0.0001,2.0,True,-1.6543612251060553e-24,2.1760096775539586e-11
4.0,2,mean_only,5000,8.0,15.979524484995636,-1.1662411533290122,1.1694019635056692,0.0859216185411461,0.09773191510572872,11.96540518254024,0.8791561942503024,8.263166666666667,7.096925513337656,0.9999808626453236,0.9999808626453236,1.9137354676401763e-05,1.726925567413233e-05,1.913735467337377e-05,9.74258220999036,4.0,False,0.001,0.0001,2.0,False,0.0,0.0
4.0,2,variance_corrected,5000,8.0,15.979524484995636,0.10149207851626611,0.13442117662161646,0.08813858815971518,0.09773191510572872,1.3754071684382365,0.9018403871894329,8.263166666666667,8.364658745182934,0.9999987199342733,0.9999987199342733,1.2800657267497684e-06,2.0419835087805523e-06,1.2800657246355015e-06,9.856220397006837,4.0,True,0.001,0.0001,2.0,False,0.0,0.0
4.0,2,joint_gaussian,5000,8.0,15.979524484995636,0.037767991394336946,0.09566070430603314,0.0878894144613764,0.09773191510572872,0.9788072218020604,0.8992908239472799,8.263166666666667,8.300934658061005,0.9999966841033935,0.9999966841033935,3.3158966065149897e-06,4.30097083076304e-06,3.315896605377287e-06,38.53712151799118,4.0,False,0.001,0.0001,2.0,True,-8.271806125530277e-25,1.672766822550749e-11
4.0,3,mean_only,5000,8.0,16.14882959499664,-1.175008556145071,1.179142956719089,0.09865599508448973,0.13954727857795768,8.449773931351618,0.7069718312663177,8.304366666666668,7.129358110521596,0.9999818635698382,0.9999818635698382,1.8136430161797e-05,1.671833672716324e-05,1.8136430159295642e-05,9.47130581899546,4.0,False,0.001,0.0001,2.0,False,0.0,0.0
4.0,3,variance_corrected,5000,8.0,16.14882959499664,0.0979401825612784,0.1381453345945289,0.09742614695294996,0.13954727857795768,0.9899536272028008,0.6981587025254894,8.304366666666668,8.402306849227946,0.9999988004674335,0.9999988004674335,1.1995325664981848e-06,1.964465044334772e-06,1.1995325663661275e-06,9.689749138997286,4.0,True,0.001,0.0001,2.0,False,0.0,0.0
4.0,3,joint_gaussian,5000,8.0,16.14882959499664,0.03373466142779681,0.10312026881800347,0.0974462028990828,0.13954727857795768,0.7389629512580973,0.6983024240393536,8.304366666666668,8.338101328094465,0.9999968703950022,0.9999968703950022,3.1296049978202234e-06,4.154167648574387e-06,3.129604997133586e-06,30.967075021006167,4.0,False,0.001,0.0001,2.0,True,-1.6543612251060553e-24,2.7053411924670017e-11
4.0,4,mean_only,5000,8.0,15.928988240993931,-1.1872054301674797,1.1905756485850774,0.08951894539496504,0.12340066234284132,9.648049094560996,0.7254332650683555,8.316666666666668,7.129461236499188,0.9999820726262704,0.9999820726262704,1.792737372963149e-05,1.629943364361574e-05,1.792737372927663e-05,9.507667979996768,4.0,False,0.001,0.0001,2.0,False,0.0,0.0
4.0,4,variance_corrected,5000,8.0,15.928988240993931,0.08576887192370375,0.12212608372771874,0.0869395245881013,0.12340066234284132,0.9896712173911884,0.7045304533824879,8.316666666666668,8.402435538590371,0.999998817511222,0.999998817511222,1.1824887780065296e-06,1.9052193421085475e-06,1.1824887765844577e-06,9.747554603993194,4.0,True,0.001,0.0001,2.0,False,0.0,0.0
4.0,4,joint_gaussian,5000,8.0,15.928988240993931,0.021568096513123268,0.08976638050939872,0.08713679063724324,0.12340066234284132,0.7274384011003343,0.706129035151797,8.316666666666668,8.33823476317979,0.9999969097639446,0.9999969097639446,3.090236055380835e-06,4.0425538924218005e-06,3.090236054710731e-06,30.332414842006983,4.0,False,0.001,0.0001,2.0,True,-1.6543612251060553e-24,2.690804123723328e-11
