age_s,count,mean_v,mean_a,var_v,var_a,cov_va,term_v,term_a,term_cov,hazard_empirical_hz,hazard_mean_hz,hazard_voltage_only_hz,hazard_full_gaussian_hz,pde_mean_v,pde_mean_a,pde_var_v,pde_var_a,pde_cov_va,pde_hazard_hz
0.0025,3092853.0,0.00012880089264297612,9.698372189020568e-07,8.969136408754642e-08,6.006192279308122e-10,2.9752161935129788e-09,0.17938272817509282,0.0288417353252376,-0.058314237392854386,0.22739254105272635,0.0,0.0,0.0,0.0001230999867225338,1.1935450916766932e-06,8.972272114955019e-08,5.98873950063567e-10,2.986643623001015e-09,0.0
0.0075,2963951.0,9.67947847882652e-05,2.03041390912516e-06,8.951498801170565e-08,6.002733227599209e-10,2.9736495270520595e-09,0.1790299760234113,0.028825124958931404,-0.05828353073022037,9.99015510287991,8.790675111724948,10.514144956394968,10.208932614006335,9.203597131909984e-05,2.150095006206277e-06,8.931817198252459e-08,5.988007984766599e-10,2.980229345215885e-09,10.083734732160858
0.0125,2827188.0,6.942743106292267e-05,2.740868689381728e-06,8.889416366088658e-08,5.998075471584105e-10,2.9649683176220194e-09,0.17778832732177316,0.028802758414546874,-0.05811337902539158,9.585634139493182,8.264707570438462,9.872791856274615,9.587613986344847,6.613953730643387e-05,2.780991837622791e-06,8.884156022998688e-08,5.985196883488925e-10,2.9725532117332867e-09,9.511082262890957
0.0175,2689531.0,4.831494748405495e-05,3.1712039542411507e-06,8.862641905881402e-08,5.995418227865537e-10,2.9612833547152316e-09,0.17725283811762804,0.02878999833021031,-0.05804115375241854,9.145941160079918,7.889652542771474,9.419715951209065,9.14816926473602,4.6147111568502304e-05,3.1672767709237576e-06,8.855788995677498e-08,5.980852642473971e-10,2.9651106409693877e-09,9.101993048099871
0.0225,2596906.0,3.1982977501443836e-05,3.4010688891428746e-06,8.84965060548528e-08,5.98635282893719e-10,2.9546968719166325e-09,0.1769930121097056,0.028746466284556387,-0.057912058689566,8.830783557650266,7.618926495278093,9.094124012051156,8.832719042911505,3.069290577042396e-05,3.3692691498612918e-06,8.839317982142726e-08,5.975444380711934e-10,2.9584989241008317e-09,8.807198967173495
0.0275,2466223.0,1.9273077363161413e-05,3.4857289196067995e-06,8.845508319864809e-08,5.986119071806909e-10,2.9537137124745595e-09,0.17691016639729618,0.02874534378281678,-0.057892788764501366,8.60127480113026,7.421535758591175,8.857780078170405,8.603324795969217,1.873389073534979e-05,3.4332486380824557e-06,8.830074981030154e-08,5.969361950727304e-10,2.9529319861126494e-09,8.594002328503386
0.0325,2371077.0,9.748829019208144e-06,3.462138978805481e-06,8.847010180447045e-08,5.971609461144857e-10,2.944492739482448e-09,0.1769402036089409,0.028675668632417602,-0.05771205769385598,8.44186245403281,7.283188128221479,8.692919986155118,8.44413831898303,9.470633271364959e-06,3.394723823746904e-06,8.825139543893368e-08,5.96291760650837e-10,2.948411527302066e-09,8.44002705259199
0.0375,2265090.0,2.2717400864222207e-06,3.3492979767871377e-06,8.841471380967892e-08,5.971841248076128e-10,2.937965454347467e-09,0.17682942761935783,0.028676781673261563,-0.05758412290521035,8.326696064106756,7.1830232507453955,8.572417552361053,8.328159191866678,2.288825536533253e-06,3.280924569882325e-06,8.822704328246134e-08,5.95635214878506e-10,2.9448341836565925e-09,8.329570666461704
0.0425,2204896.0,-3.551030750158588e-06,3.185736078078733e-06,8.840573774588646e-08,5.955721397881945e-10,2.9335286170921826e-09,0.17681147549177292,0.028599374152629097,-0.057497160895006776,8.24345474967923,7.111247780236396,8.486606377304916,8.244871854504321,-3.2844836436723863e-06,3.1127099648224466e-06,8.821666140433364e-08,5.949844019391729e-10,2.9420552856399082e-09,8.251385821142048
0.0475,2087858.0,-8.31296602569616e-06,2.9745343102362775e-06,8.832018024308957e-08,5.952402209151059e-10,2.9381122355181422e-09,0.17664036048617912,0.028583435408343388,-0.05758699981615559,8.179776972689712,7.058436949285751,8.422140332362916,8.181376623090857,-7.613928041497712e-06,2.9060332829817955e-06,8.821363499940332e-08,5.943519637914542e-10,2.9399244612183055e-09,8.197281969090191
0.0525,2010568.0,-1.2134846333317164e-05,2.7275227256884966e-06,8.843854999145248e-08,5.941778437714175e-10,2.9304533062508643e-09,0.17687709998290496,0.02853242005790347,-0.05743688480251694,8.139728953759194,7.021666511198178,8.380249477239719,8.14149008070996,-1.0980923740321509e-05,2.6730681129236287e-06,8.821409228145094e-08,5.937463661429647e-10,2.9383036869113285e-09,8.161215438436843
0.0575,1922470.0,-1.457814108244709e-05,2.453125603639798e-06,8.839762284457315e-08,5.936040751497824e-10,2.9352969607001977e-09,0.1767952456891463,0.02850486768869255,-0.05753182042972388,8.12054350551936,7.006253356562781,8.36116969190135,8.121958988904725,-1.3602833789405557e-05,2.4230753965714417e-06,8.821584341573667e-08,5.93172833770425e-10,2.9370748519885207e-09,8.138680143135447
0.0625,1862315.0,-1.6494088749377586e-05,2.1864930461822863e-06,8.83822642212923e-08,5.92897046932483e-10,2.938933260518887e-09,0.1767645284425846,0.028470916193697834,-0.05760309190617018,8.109786120878463,6.997718662984104,8.35072798664036,8.110962513401384,-1.5647652418060936e-05,2.1630721660923555e-06,8.821771320682739e-08,5.9263415499752e-10,2.9361414258395108e-09,8.126289186911407
0.0675,1775948.0,-1.746791747000476e-05,1.9202162483281735e-06,8.842393277922488e-08,5.928699478672249e-10,2.9343783215280933e-09,0.17684786555844975,0.02846961489658414,-0.057513815101950624,8.116431778639186,7.002351672334888,8.35695320398571,8.117723122169814,-1.7245281364824504e-05,1.898347263499073e-06,8.821912556878275e-08,5.921313441167639e-10,2.9354270875084523e-09,8.121481287513198
0.0725,1711037.0,-1.884351626541411e-05,1.6450473976722522e-06,8.854631136432714e-08,5.919303908977378e-10,2.9334624799393307e-09,0.17709262272865428,0.02842449737090937,-0.05749586460681088,8.117810311622012,7.00196975450277,8.358542967314776,8.119046802795863,-1.8496204072748768e-05,1.6328588493592838e-06,8.821984801492694e-08,5.916641684164004e-10,2.934873023846209e-09,8.122310930671707
0.0775,1636072.0,-1.995319235300114e-05,1.3852401364304748e-06,8.832177275946525e-08,5.920310742120244e-10,2.941771692604272e-09,0.1766435455189305,0.028429332183661414,-0.05765872517504373,8.115003150296479,7.0042580848786145,8.357520627704353,8.116770995918946,-1.9478175703375855e-05,1.3695407490789412e-06,8.821983684468306e-08,5.912315549865598e-10,2.934434859413874e-09,8.127295841869744
0.0825,1593199.0,-2.0973429011938375e-05,1.110069537950637e-06,8.831138734677746e-08,5.916001021595905e-10,2.942982338203626e-09,0.17662277469355492,0.028408636905703534,-0.05768245382879107,8.120183724418442,7.008855777192853,8.36283291560591,8.121569456155717,-2.0251392496824806e-05,1.1105387665450515e-06,8.82191449290264e-08,5.90831895872987e-10,2.934079715539561e-09,8.13530453578296
0.08750000000000001,1508833.0,-2.1320348628089158e-05,8.516340305599242e-07,8.831551194138468e-08,5.911272333249758e-10,2.9327107083376407e-09,0.17663102388276936,0.028385929744265338,-0.05748112988341776,8.13723037251574,7.021755719388718,8.378293994223926,8.13803795090648,-2.0862481342074205e-05,8.573934782818007e-07,8.821786803662754e-08,5.90463271406555e-10,2.93378362581497e-09,8.145472572054931
0.0925,1453153.0,-2.2061773064563144e-05,5.802947383780899e-07,8.845058370450001e-08,5.907104579716497e-10,2.9311056454082386e-09,0.17690116740900003,0.02836591619179862,-0.05744967065000148,8.148839731117528,7.0300201031024745,8.390421292316399,8.149910767220774,-2.1347570833017744e-05,6.111820543695671e-07,8.82161146939067e-08,5.901236100585214e-10,2.9335293846119406e-09,8.1571397499738
0.0975,1388183.0,-2.241132225411519e-05,3.350826551288798e-07,8.845039523830412e-08,5.905363260817377e-10,2.920968099152901e-09,0.17690079047660826,0.028357554378445043,-0.05725097474339686,8.163726649042603,7.042009328815722,8.404727422600729,8.165360812469338,-2.1734654765797827e-05,3.7262848137465905e-07,8.821399021558846e-08,5.898108001995583e-10,2.9333048233698992e-09,8.169802677170853
0.10250000000000001,1344284.0,-2.2741187984236614e-05,9.357783034924202e-08,8.841622002684886e-08,5.898998859530295e-10,2.9173749248079685e-09,0.17683244005369772,0.02832699252346448,-0.057180548526236184,8.176261873323046,7.054040415869421,8.41851124907732,8.179078122845647,-2.2045418793502423e-05,1.4218902168455853e-07,8.821158905500042e-08,5.895227659389091e-10,2.9331014676840873e-09,8.183078642762286
0.1075,1282069.0,-2.2935088906398966e-05,-1.1506599306012504e-07,8.84016889298381e-08,5.891631856374387e-10,2.9179830971305353e-09,0.1768033778596762,0.028291616174309805,-0.05719246870375849,8.18995131976721,7.065737997452052,8.432226444230752,8.192015777416161,-2.2296661195483857e-05,-7.988210859909069e-08,8.820899189041935e-08,5.892575159194473e-10,2.9329135112474062e-09,8.196677877210394
0.1125,1234894.0,-2.2911581420160902e-05,-3.522274484685925e-07,8.846504057662506e-08,5.892611389074444e-10,2.9298244945252157e-09,0.17693008115325012,0.028296319890335483,-0.05742456009269423,8.209404819045664,7.082512135393499,8.453315635512409,8.210636986404003,-2.250140081753988e-05,-2.9348270908183337e-07,8.820626534621684e-08,5.890131717440505e-10,2.932737044679761e-09,8.21038216363989
0.11750000000000001,1179152.0,-2.3103003418382743e-05,-5.53610636320908e-07,8.866297882635721e-08,5.885812336141469e-10,2.925072606783258e-09,0.17732595765271442,0.028263670838151338,-0.057331423092951854,8.22644266377337,7.093787332500523,8.470125580436722,8.227461996950444,-2.2669737485516696e-05,-4.986244545644215e-07,8.820346312905122e-08,5.887879819473606e-10,2.932569487374248e-09,8.224028354734585
0.1225,1133217.0,-2.2973186395169002e-05,-7.688425566651047e-07,8.85299290811893e-08,5.891811193255766e-10,2.9323290484043976e-09,0.17705985816237862,0.02829247735001419,-0.057473649348726195,8.241535668935612,7.1106117739165695,8.487955362707234,8.24384589964945,-2.2809515520862396e-05,-6.954035433348605e-07,8.820062781467034e-08,5.885803266159409e-10,2.932409177204421e-09,8.237495696457698
0.1275,1102176.0,-2.3351981594455783e-05,-9.497716905534253e-07,8.845227425546019e-08,5.883985808542321e-10,2.929717699466745e-09,0.17690454851092038,0.028254899852620228,-0.0574224669095482,8.249742016302594,7.117836375364543,8.495259889518584,8.25105260615337,-2.292683306747547e-05,-8.839779083277732e-07,8.819779277623949e-08,5.883887162793058e-10,2.932255077177959e-09,8.250696085359058
0.1325,1043556.0,-2.3297168499395298e-05,-1.138766873531116e-06,8.847094015065092e-08,5.887410561977634e-10,2.9461446280556235e-09,0.17694188030130184,0.0282713455186166,-0.05774443470989022,8.263019491395255,7.131813702903288,8.512259841821255,8.265038334802439,-2.3026432588693202e-05,-1.0645494730572289e-06,8.819498394547716e-08,5.882117873186609e-10,2.932106565792384e-09,8.263566573672694
0.1375,1002272.0,-2.3156048573469343e-05,-1.280437371749822e-06,8.828055525451761e-08,5.882814782361434e-10,2.936860877069423e-09,0.17656111050903522,0.028249276584899605,-0.057562473190560695,8.27418157212739,7.143738145208356,8.523246386999983,8.277029127611533,-2.3112000716375393e-05,-1.2373503911774228e-06,8.819222126851697e-08,5.880482953089726e-10,2.931963288070234e-09,8.276063593389212
0.14250000000000002,958455.0,-2.2994308691493337e-05,-1.4563491069835816e-06,8.847002482706385e-08,5.888984296624032e-10,2.931547039799161e-09,0.17694004965412768,0.0282789025923886,-0.05745832198006355,8.296074193156425,7.158379323362118,8.543951908537425,8.2982465556746,-2.318639997570253e-05,-1.4026324911977182e-06,8.818951984301638e-08,5.87897107204999e-10,2.9318250520068827e-09,8.288158485292355
0.1475,927993.0,-2.3375768575255118e-05,-1.6112028254379911e-06,8.861324766789158e-08,5.87946885691712e-10,2.934908400801122e-09,0.17722649533578316,0.02823320945091601,-0.05752420465570199,8.303222612376304,7.163783409336209,8.552851583438668,8.305963499041072,-2.325185007615827e-05,-1.5606593113594194e-06,8.818689079577221e-08,5.877571929349577e-10,2.9316917588951165e-09,8.299834009415097
0.1525,883295.0,-2.3427034887707013e-05,-1.7644499968513876e-06,8.859476510934722e-08,5.881509233898006e-10,2.928931734764727e-09,0.17718953021869444,0.02824300734117822,-0.057407062001388655,8.316204254432247,7.173814634008862,8.564511283363808,8.318342495972153,-2.331007141279196e-05,-1.7117002179158132e-06,8.818434198543564e-08,5.876276167699055e-10,2.9315633580699467e-09,8.311081602515264
0.1575,849953.0,-2.368788089423786e-05,-1.910392887759637e-06,8.857118096500231e-08,5.877683728062758e-10,2.9316814177742833e-09,0.17714236193000463,0.028224637262157362,-0.05746095578837595,8.322787500488547,7.180335352972654,8.57189176058422,8.324909225101559,-2.336239888180496e-05,-1.8560261833723067e-06,8.818187860144172e-08,5.87507528748267e-10,2.9314398188222817e-09,8.32189922676478
0.1625,812037.0,-2.3274490160328434e-05,-2.050531442528816e-06,8.868042995514268e-08,5.872400480050353e-10,2.9220851961257043e-09,0.17736085991028536,0.028199267105201795,-0.0572728698440638,8.344148904882008,7.196150482366946,8.592649149776788,8.346426515018564,-2.3409871308081233e-05,-1.9939068291927108e-06,8.817950369369891e-08,5.873961564004756e-10,2.931321114036709e-09,8.332289699426576
0.1675,789129.0,-2.3140591123399926e-05,-2.18389767013013e-06,8.853922183774152e-08,5.869230951951115e-10,2.9233319270721564e-09,0.17707844367548303,0.028184047031269255,-0.05729730577061427,8.3553401898654,7.20749181509597,8.603761218140296,8.356888759353808,-2.3453300638305487e-05,-2.125608324871878e-06,8.817721863045748e-08,5.872927970145637e-10,2.9312072108739672e-09,8.342259408620945
0.17250000000000001,746967.0,-2.2532015553485624e-05,-2.291146886209245e-06,8.851111166126038e-08,5.86391825627892e-10,2.9246510449123617e-09,0.17702222332252077,0.028158535466651372,-0.05732316048028229,8.372768345329465,7.2238583550979945,8.622813570428963,8.374964230247366,-2.349332456517247e-05,-2.2513917779420496e-06,8.81750234655241e-08,5.871968106448238e-10,2.9310980643232508e-09,8.351817330015312
0.1775,717652.0,-2.2888384726057732e-05,-2.398082314677586e-06,8.852857413141477e-08,5.865726366599108e-10,2.933542480732851e-09,0.17705714826282953,0.02816721801240892,-0.057497432622363884,8.373597373186245,7.226280406802842,8.626005928383595,8.376677623330448,-2.3530445752496793e-05,-2.371511892992513e-06,8.81729172090107e-08,5.871076139280972e-10,2.9309936108732775e-09,8.360974277960228
0.1825,685708.0,-2.3246745486127006e-05,-2.4945784826398333e-06,8.84497229952867e-08,5.868552678996083e-10,2.932083909260934e-09,0.1768994459905734,0.02818078996453919,-0.0574688446215143,8.374688343889058,7.227934987523319,8.626620455320959,8.377627580761903,-2.356506038420065e-05,-2.486215838189116e-06,8.81708980263932e-08,5.870246746007388e-10,2.9308937619821706e-09,8.369742344155398
0.1875,663122.0,-2.3611691944558906e-05,-2.609814388741105e-06,8.803226653061793e-08,5.869833844344284e-10,2.917069473445991e-09,0.17606453306123585,0.028186942120541254,-0.05717456167954142,8.375333199813655,7.230822538453063,8.62286443208426,8.376496184264974,-2.359747865645462e-05,-2.5957423312236187e-06,8.816896341348222e-08,5.869475065487074e-10,2.930798399278637e-09,8.378134483740247
0.1925,631728.0,-2.3813817615465668e-05,-2.696151779322233e-06,8.831776198116063e-08,5.870343542896469e-10,2.9255331019970887e-09,0.17663552396232127,0.028189389692988846,-0.05734044879914294,8.381684906022155,7.234018220128894,8.631602490126967,8.38361425670727,-2.3627940054134947e-05,-2.700320948430582e-06,8.81671103899337e-08,5.868756653091125e-10,2.930707374122968e-09,8.386164203414772
0.1975,608029.0,-2.3909038938205556e-05,-2.823803244564441e-06,8.831438063533459e-08,5.864350865575387e-10,2.92024774741007e-09,0.17662876127066918,0.02816061285649301,-0.05723685584923737,8.389174676900666,7.241694267875357,8.64070308592572,8.39308130420358,-2.3656626321502046e-05,-2.800171653513132e-06,8.816533572240668e-08,5.868087440492264e-10,2.930620512910335e-09,8.393845303597042
0.2025,580635.0,-2.3969672206837337e-05,-2.8867008816981093e-06,8.864102362816091e-08,5.87385684812538e-10,2.9271949709055284e-09,0.17728204725632182,0.028206260584698075,-0.05737302142974836,8.396820094893068,7.245280737990603,8.65063191024709,8.401965030033361,-2.368367437115921e-05,-2.8955045727356245e-06,8.816363615171742e-08,5.867463700536644e-10,2.930537627206198e-09,8.401191639627621
0.20750000000000002,563811.0,-2.388316925242938e-05,-3.000129526408048e-06,8.8336236271341e-08,5.868394588957545e-10,2.9184682560926067e-09,0.17667247254268198,0.02818003081617413,-0.05720197781941509,8.405923102738933,7.254594054334107,8.656473334208993,8.408856169847962,-2.3709189888232938e-05,-2.9865200655081693e-06,8.816200858007205e-08,5.866882016661785e-10,2.930458525910904e-09,8.408216893497064
0.2125,533768.0,-2.3713021668844014e-05,-3.0763964206610356e-06,8.807417727805472e-08,5.877886155929214e-10,2.9353290289246504e-09,0.17614835455610944,0.028225609320772088,-0.057532448966923146,8.408442014231664,7.262489247199558,8.661353434836661,8.411200045518903,-2.3733260740968728e-05,-3.073409102446852e-06,8.81604501826928e-08,5.866339255659534e-10,2.930383026136486e-09,8.414934372272489
0.2175,513009.0,-2.357500316707272e-05,-3.1685015055845934e-06,8.80036726683382e-08,5.858510339584761e-10,2.9252655521608505e-09,0.17600734533667642,0.02813256665068602,-0.05733520482235267,8.417967631045485,7.271054349129742,8.670345618793547,8.420809936282218,-2.3755968453309804e-05,-3.1563538842935346e-06,8.815895843328739e-08,5.865832542708348e-10,2.9303109603373207e-09,8.421356857625483
0.2225,489767.0,-2.344428626865291e-05,-3.219883838997283e-06,8.827973299921899e-08,5.865634294616707e-10,2.9269818631597e-09,0.17655946599843797,0.028166775882749427,-0.05736884451793012,8.430819875993155,7.276618693152225,8.681772866274782,8.431913105729103,-2.3777396339092133e-05,-3.2355285772187026e-06,8.815753105820472e-08,5.86535923815667e-10,2.9302421787400995e-09,8.427496520585287
0.2275,472927.0,-2.373066975235695e-05,-3.2983206183470598e-06,8.812051704923707e-08,5.857516327908272e-10,2.9159829118280167e-09,0.17624103409847414,0.028127793406615524,-0.05715326507182913,8.432020767721566,7.278044420426895,8.680709254253179,8.43236910361089,-2.3797633954963692e-05,-3.3111000402098504e-06,8.815616594895315e-08,5.864916915929497e-10,2.9301765475112555e-09,8.433364897888223
0.2325,450598.0,-2.400569869506567e-05,-3.3708549132707524e-06,8.819070279456347e-08,5.866036217548632e-10,2.9228658170424404e-09,0.17638140558912693,0.028168705916668528,-0.05728817001403183,8.43375797275741,7.2792146654159415,8.683323840872934,8.43411611106424,-2.381677840702396e-05,-3.383228460969822e-06,8.815486106508323e-08,5.86450334350912e-10,2.9301139440314005e-09,8.438972914642966
0.23750000000000002,431571.0,-2.396089678926964e-05,-3.4613148933829677e-06,8.840526230932375e-08,5.852150562134079e-10,2.930692022776357e-09,0.17681052461864752,0.028102026999367844,-0.0574415636464166,8.443438133761077,7.286323460335464,8.69553449102568,8.444117797679555,-2.3834933246164025e-05,-3.4520678582595186e-06,8.815361435311639e-08,5.864116463482609e-10,2.930054251096002e-09,8.444330937747846
0.2425,415009.0,-2.428192126381587e-05,-3.558018951598124e-06,8.852876325165399e-08,5.867826079006926e-10,2.943573681768031e-09,0.17705752650330797,0.028177300831391257,-0.057694044162653405,8.445592621972594,7.288550871473899,8.70034142985446,8.447288703329548,-2.3852205416860853e-05,-3.5177664315054486e-06,8.815242369699807e-08,5.86375437683532e-10,2.929997351855183e-09,8.449448850656498
0.2475,396627.0,-2.4562069495008286e-05,-3.6138127836836444e-06,8.835953708118551e-08,5.849533901973768e-10,2.923312387264961e-09,0.176719074162371,0.028089461797278035,-0.05729692279039323,8.446007313758981,7.288452353468536,8.697279716062521,8.4469281223668,-2.3868700530185756e-05,-3.580466752511209e-06,8.815128690470029e-08,5.863415328360757e-10,2.9299431268189686e-09,8.454336144365465
0.2525,385044.0,-2.390411159438596e-05,-3.6648869358496405e-06,8.863060523731323e-08,5.862161058919202e-10,2.9309482671812378e-09,0.17726121047462645,0.02815009740493001,-0.05744658603675226,8.464568306437561,7.301703439301963,8.717817145712115,8.466120628885811,-2.388451693513567e-05,-3.6403058168433137e-06,8.815020172590129e-08,5.863097694480602e-10,2.929891453356597e-09,8.459002017902671
0.2575,364044.0,-2.3674178728262364e-05,-3.689795224572398e-06,8.801129481593955e-08,5.83398713690182e-10,2.8963152331344043e-09,0.17602258963187908,0.02801480623140254,-0.056767778569434324,8.463534894266402,7.306845406962908,8.71315737673395,8.46619565947389,-2.3899739524457323e-05,-3.6974150058931404e-06,8.814916588854478e-08,5.862799973317641e-10,2.9298422071143515e-09,8.463455476561101
0.2625,349877.0,-2.3731682934949796e-05,-3.74738278951033e-06,8.828229594274408e-08,5.860701733191815e-10,2.9163557532019268e-09,0.17656459188548815,0.028143089722787094,-0.057160572762757766,8.470426317120218,7.31012947371464,8.721799465490141,8.472351476798819,-2.3914434533782663e-05,-3.751920036471251e-06,8.814817713949425e-08,5.86252077626731e-10,2.929795264142604e-09,8.46770541280309
0.2675,334342.0,-2.359637284551788e-05,-3.817179139103216e-06,8.795385221426019e-08,5.830782450191062e-10,2.912404457959971e-09,0.17590770442852038,0.02799941732581748,-0.05708312737601544,8.47077525011053,7.317111233662042,8.724396654063558,8.474313137424407,-2.3928646484896885e-05,-3.803940970644088e-06,8.81472332777557e-08,5.862258820000875e-10,2.929750502613737e-09,8.471760656218622
0.2725,323301.0,-2.378903757405567e-05,-3.8782185328931466e-06,8.806359140502756e-08,5.855694431120454e-10,2.9030220258543522e-09,0.1761271828100551,0.028119044658240423,-0.0568992317067453,8.47878904568186,7.31866889486953,8.728169331419354,8.480551323344429,-2.3942397907131773e-05,-3.853592320109884e-06,8.81463321765768e-08,5.862012918108045e-10,2.9297078037504807e-09,8.475629984465597
0.2775,307259.0,-2.332919616170071e-05,-3.9347897348277725e-06,8.806177537999508e-08,5.821889242213229e-10,2.887878537876637e-09,0.17612355075999014,0.027956712141107926,-0.05660241934238209,8.495265218071161,7.32946515805827,8.74101309612172,8.494172928944984,-2.3955691803089505e-05,-3.900983228355208e-06,8.814547179859357e-08,5.861781972331845e-10,2.929667052445852e-09,8.479322094202521
0.28250000000000003,295341.0,-2.3034042849541877e-05,-3.964275096089967e-06,8.827738307220643e-08,5.841107756539025e-10,2.9024137509276765e-09,0.17655476614441284,0.0280489994469004,-0.05688730951818246,8.503089110812516,7.335912520837535,8.752475515268458,8.503673667609297,-2.3968516271872863e-05,-3.946217682182179e-06,8.814465021102714e-08,5.861564964089514e-10,2.9296281384251775e-09,8.482845537813942
0.28750000000000003,282037.0,-2.3690470139334186e-05,-3.991452829751946e-06,8.82767252592425e-08,5.812518226490665e-10,2.8835584750093337e-09,0.176553450518485,0.027911712523608172,-0.05651774611018294,8.497912093987843,7.328239410264846,8.743309225904403,8.496741307363918,-2.3980850383965052e-05,-3.989394709123575e-06,8.814386560395833e-08,5.861360947221948e-10,2.9295909584386744e-09,8.486208637604237
0.2925,273730.0,-2.4510181774075407e-05,-4.041725054173245e-06,8.852161660511855e-08,5.828281095773376e-10,2.8972782383904246e-09,0.1770432332102371,0.02798740582190375,-0.05678665347245232,8.48920989428974,7.319840528286867,8.737566996200673,8.489520559628627,-2.3992670307389584e-05,-4.0306085489905e-06,8.814311630732622e-08,5.8611690425583e-10,2.9295554191772984e-09,8.489419393437272
0.2975,258828.0,-2.320805180438674e-05,-4.061288281647775e-06,8.809845382786046e-08,5.807381370508095e-10,2.9039400388260905e-09,0.17619690765572094,0.027887045341179872,-0.056917224760991376,8.50518731278648,7.340335290966943,8.754618845970672,8.504124233697354,-2.4003954774862308e-05,-4.069948820114674e-06,8.814240079736167e-08,5.86098843420276e-10,2.9295214399497867e-09,8.492485401015303
0.3025,248598.0,-2.4033106175675574e-05,-4.130746368546024e-06,8.819355304664296e-08,5.819175547463683e-10,2.903795641447206e-09,0.17638710609328592,0.027943680978920606,-0.05691439457236524,8.495793240481152,7.333222874879987,8.747799719799692,8.498005548070854,-2.4014689227888067e-05,-4.1075007124186936e-06,8.814171768477427e-08,5.860818366882916e-10,2.92948895405803e-09,8.495413794832531
0.3075,237299.0,-2.3472170988702897e-05,-4.127580267948713e-06,8.841897321820737e-08,5.803360178662167e-10,2.9047292800173868e-09,0.17683794643641476,0.027867735577935728,-0.05693269388834078,8.50905331613836,7.341226631325407,8.761296454482949,8.510314792332325,-2.4024868323198672e-05,-4.143345226949823e-06,8.814106568435155e-08,5.860658143515689e-10,2.9294579082703942e-09,8.498211222919542
0.3125,229458.0,-2.531368461675473e-05,-4.195267089553642e-06,8.85620278472165e-08,5.821810250667267e-10,2.927946452565552e-09,0.177124055694433,0.027956332823704213,-0.05738775047028482,8.481394879062723,7.319091792729179,8.737379391690615,8.483973271959696,-2.4034496836162137e-05,-4.1775594570538665e-06,8.814044357406978e-08,5.860507122347159e-10,2.929428260498749e-09,8.500883852553532
0.3175,218398.0,-2.4586142025410768e-05,-4.230414292915526e-06,8.888620286937033e-08,5.822838592856163e-10,2.9524704446810694e-09,0.17777240573874065,0.027961270922895295,-0.057868420715748964,8.497523925758241,7.332274559522636,8.758793627931883,8.500721412601774,-2.404358923625089e-05,-4.210216885882631e-06,8.813985015623346e-08,5.860364713414605e-10,2.929399976349037e-09,8.503437400290444
0.3225,210021.0,-2.485970993449164e-05,-4.316701646580102e-06,8.898625130678953e-08,5.836756277377892e-10,2.956113468643349e-09,0.17797250261357908,0.028028103643968637,-0.05793982398540964,8.502596881663495,7.334463425300092,8.763161650863927,8.504921862302824,-2.4052168301235967e-05,-4.241387668317637e-06,8.813928423154298e-08,5.860230374445755e-10,2.9293730254152206e-09,8.505877177496865
0.3275,200593.0,-2.4633905603083144e-05,-4.3305033103958064e-06,8.913545999323318e-08,5.826586210307189e-10,2.9477539508508672e-09,0.17827091998646638,0.027979266981895123,-0.057775977436677,8.51240377437918,7.338769028225212,8.770922958092846,8.51343352590512,-2.406026312601036e-05,-4.271138873313172e-06,8.81387445907461e-08,5.86010360650176e-10,2.9293473780164444e-09,8.508208143306142
0.3325,194614.0,-2.366755784126295e-05,-4.385146313240484e-06,8.958091037871358e-08,5.84861635030845e-10,2.9528323571135965e-09,0.17916182075742718,0.028085055714181177,-0.05787551419942649,8.54326650445445,7.35690492784767,8.800434884397728,8.542132470706035,-2.4067906846358055e-05,-4.299534678750479e-06,8.813823002155846e-08,5.85998394966895e-10,2.9293230027107016e-09,8.510434958795773
0.3375,184363.0,-2.3945037716909672e-05,-4.399870585450036e-06,8.924539136675716e-08,5.843651100262807e-10,2.934127131421448e-09,0.17849078273351432,0.028061212583462,-0.05750889177586038,8.537940751731487,7.3538843476732625,8.790920601524007,8.535822844373458,-2.4075134376511524e-05,-4.326636526170341e-06,8.813773932399935e-08,5.859870978975072e-10,2.9292998645640604e-09,8.512562037786083
0.3425,176621.0,-2.4751458497068038e-05,-4.437170310173212e-06,8.84540618894603e-08,5.858838391224956e-10,2.913906582551468e-09,0.1769081237789206,0.028134141954662236,-0.05711256901800877,8.515469103316537,7.344717534504354,8.7660777883202,8.515695998958037,-2.408198043349058e-05,-4.352503250180396e-06,8.813727132652396e-08,5.859764300560633e-10,2.929277923969425e-09,8.514593590726165
0.34750000000000003,169243.0,-2.5341551004628826e-05,-4.4757678853847425e-06,8.793001729917306e-08,5.854329675792615e-10,2.881221708069634e-09,0.17586003459834612,0.02811249110315614,-0.05647194547816482,8.503920562156885,7.338829955171965,8.749875378980397,8.505219241679681,-2.408847805110598e-05,-4.37719119493433e-06,8.813682489751473e-08,5.859663548064585e-10,2.9292571358236643e-09,8.516533659154213
0.3525,161980.0,-2.5140561517953276e-05,-4.493259306628342e-06,8.84543504150344e-08,5.862783959592949e-10,2.874004438772735e-09,0.1769087008300688,0.02815308857396534,-0.056330486999945605,8.518152865071432,7.3430392095186825,8.764079728801004,8.52057750288719,-2.4094657657900144e-05,-4.400754321341762e-06,8.813639895003087e-08,5.859568379205861e-10,2.929237449009837e-09,8.51838613971696
0.3575,156528.0,-2.4376335142663504e-05,-4.499280332887118e-06,8.923679423690056e-08,5.851462732932514e-10,2.9084186981535225e-09,0.17847358847380113,0.028098724043541932,-0.05700500648380904,8.540582046701212,7.354705239009447,8.791750735821886,8.541251844036,-2.4100546636143526e-05,-4.423244299969009e-06,8.813599244057378e-08,5.859478472615602e-10,2.9292188062649112e-09,8.520154798715996
0.3625,149149.0,-2.4224405962080982e-05,-4.511368254718002e-06,8.882479107939264e-08,5.860749721738434e-10,2.913293803520484e-09,0.17764958215878526,0.028143320163787962,-0.057100558549001486,8.539011509499447,7.357811934053547,8.788219919011146,8.537386587311897,-2.4106169152340907e-05,-4.444710581318589e-06,8.813560436433588e-08,5.859393525030927e-10,2.9292011445578143e-09,8.52184328006647
0.3675,143186.0,-2.443243589398887e-05,-4.543823408746976e-06,8.796720078986281e-08,5.867084378367955e-10,2.928436886674955e-09,0.17593440157972562,0.02817373918492292,-0.05739736297882912,8.520719373074401,7.357090908565307,8.772299732446799,8.51965098162001,-2.4111546010075583e-05,-4.4652004388625406e-06,8.813523374986796e-08,5.859313248959547e-10,2.9291843960433136e-09,8.523455110560622
0.3725,136813.0,-2.5430598776977127e-05,-4.57463106937376e-06,8.84685703285775e-08,5.870083552539218e-10,2.9338141315021437e-09,0.176937140657155,0.028188141219293326,-0.05750275697744202,8.511314151199544,7.3446355303120585,8.766234279621402,8.512985569821684,-2.4116694348149528e-05,-4.484758988322966e-06,8.813487965572701e-08,5.859237370868119e-10,2.9291684895536763e-09,8.524993705794367
0.3775,132403.0,-2.4075716468041056e-05,-4.579938081173526e-06,8.857502638099323e-08,5.875034712895038e-10,2.9234789456341047e-09,0.17715005276198648,0.028211916691321972,-0.05730018733442845,8.541956295948289,7.364947784874729,8.792349892691492,8.540279557870164,-2.4121627167750854e-05,-4.50342919466329e-06,8.813454117078437e-08,5.859165629875664e-10,2.9291533525051944e-09,8.526462378037849
0.3825,125459.0,-2.357128608063274e-05,-4.5872993852498306e-06,8.88146828533633e-08,5.872352211672866e-10,2.945112357174123e-09,0.1776293657067266,0.028199035320453102,-0.057724202200612806,8.550541756763417,7.3729136096397,8.806079432128026,8.549879255119889,-2.412635285558237e-05,-4.5212518822250905e-06,8.813421741875209e-08,5.859097776887034e-10,2.9291389130645813e-09,8.527864344522325
0.3875,120461.0,-2.3157099765406e-05,-4.604046383396576e-06,8.818073407528352e-08,5.874881597962418e-10,2.96098885670045e-09,0.17636146815056705,0.02821118143341553,-0.05803538159132882,8.542537854946548,7.380234808871377,8.803654533529102,8.544969293183872,-2.4130874992244717e-05,-4.5382657621286765e-06,8.81339075663957e-08,5.8590335740968e-10,2.9291251024226663e-09,8.529202732395957
0.3925,115261.0,-2.3004051823488553e-05,-4.652562918447626e-06,8.80649620583052e-08,5.883615889818812e-10,2.977307233145362e-09,0.1761299241166104,0.028253123502909934,-0.05835522176964909,8.544913199067226,7.386005144523906,8.80849799769924,8.547294830600435,-2.4135192734163158e-05,-4.554507485852979e-06,8.813361083403233e-08,5.858972794814304e-10,2.929111857023638e-09,8.530480576166038
0.3975,111307.0,-2.3771109136460567e-05,-4.666550248803206e-06,8.785746380411339e-08,5.892810781669467e-10,2.9566477593865704e-09,0.1757149276082268,0.02829727737357678,-0.05795029608397678,8.532482388211871,7.375693813187232,8.792551140912344,8.535653181373785,-2.413930192146515e-05,-4.570011727572113e-06,8.813332650641267e-08,5.85891522357496e-10,2.9290991205745935e-09,8.531700805226262
0.4025,105943.0,-2.5005142262875947e-05,-4.675538415589055e-06,8.765053916544153e-08,5.897818492894049e-10,2.9280139350367127e-09,0.17530107833088304,0.028321324402877223,-0.05738907312671957,8.5178699877525,7.358160665629817,8.768020517777442,8.51682246835051,-2.414319683920299e-05,-4.584811292697118e-06,8.813305394197141e-08,5.858860656490089e-10,2.9290868456294697e-09,8.53286622248506
0.40750000000000003,101585.0,-2.4820189382025137e-05,-4.687840081251816e-06,8.774441672243355e-08,5.883478137015431e-10,2.9083761660576087e-09,0.1754888334448671,0.0282524620139481,-0.057004172854729133,8.522945977951595,7.361770449611823,8.773969157102101,8.525294573393051,-2.414687232777603e-05,-4.598937247034573e-06,8.813279257859797e-08,5.858808901747711e-10,2.9290749945371553e-09,8.53397947881317
0.41250000000000003,97076.0,-2.2191909900218866e-05,-4.6369320765239385e-06,8.766998383314058e-08,5.890887246378429e-10,2.9034737764280236e-09,0.17533996766628115,0.028288040557109217,-0.05690808601798926,8.56378966237414,7.396878704572544,8.814499907201972,8.565804333908433,-2.415032578550389e-05,-4.61241905954705e-06,8.813254193442267e-08,5.858759780130733e-10,2.9290635395999414e-09,8.535043050522079
0.4175,94014.0,-2.315441977299794e-05,-4.667382871878475e-06,8.775252784322586e-08,5.879446525882477e-10,2.885886408476752e-09,0.17550505568645172,0.028233102217287653,-0.05656337360614434,8.553741084914195,7.384856707392478,8.801626802196157,8.555773317565478,-2.4153558588718548e-05,-4.625284750946648e-06,8.813230160263895e-08,5.858713125398965e-10,2.9290524624044975e-09,8.536059227316633
0.4225,88964.0,-2.2234770802415057e-05,-4.593337051521533e-06,8.80516169450393e-08,5.861109445121496e-10,2.900376287684411e-09,0.1761032338900786,0.028145047555473424,-0.05684737523861445,8.56500313135742,7.39308542605494,8.816706568821047,8.56724377509829,-2.4156576583971954e-05,-4.637561039760443e-06,8.813207124014471e-08,5.858668784397565e-10,2.929041752431285e-09,8.537030115902716
0.4275,85550.0,-2.1092388668958902e-05,-4.634442721539425e-06,8.812808542962789e-08,5.842656251722228e-10,2.9015453272830453e-09,0.1762561708592558,0.028056435320770137,-0.056870288414747686,8.589732806337391,7.412981805989425,8.84178635146402,8.59065581228166,-2.4159389548152826e-05,-4.649273477287463e-06,8.81318505508579e-08,5.858626616810414e-10,2.929031405175584e-09,8.53795766029503
0.4325,81738.0,-2.0842280421261656e-05,-4.545405021956803e-06,8.787412045131084e-08,5.842670486022512e-10,2.886797558650915e-09,0.17574824090262167,0.0280565036738801,-0.05658123214955794,8.586487584932081,7.410222074096772,8.834006502718099,8.585578875590155,-2.4162009795055253e-05,-4.660446563630232e-06,8.81316392657758e-08,5.858586494550629e-10,2.929021420080173e-09,8.538843675114355
0.4375,78915.0,-2.2819084061198052e-05,-4.629613322148989e-06,8.890434509439352e-08,5.843475510586643e-10,2.9412162381719446e-09,0.17780869018878703,0.028060369401837062,-0.05764783826817011,8.565058727569582,7.387076410696316,8.824577555632429,8.567305425635533,-2.416445034501213e-05,-4.67110383919914e-06,8.813143712289338e-08,5.858548300851374e-10,2.929011798574263e-09,8.539689884299449
0.4425,75035.0,-2.2582749010699904e-05,-4.584701970899799e-06,8.939357994282066e-08,5.856213428989575e-10,2.997985412146995e-09,0.1787871598856413,0.02812153688600794,-0.058760514078081104,8.569129934134944,7.387316781642926,8.833503790530408,8.566958458761237,-2.4166723191766792e-05,-4.681267949723394e-06,8.813124385049332e-08,5.858511929167609e-10,2.9290025424385994e-09,8.540497955968481
0.4475,72189.0,-2.245138060375048e-05,-4.689187957252423e-06,8.859114138654208e-08,5.864961136756419e-10,3.010360036448376e-09,0.17718228277308415,0.028163543378704324,-0.05900305671438817,8.559323425488543,7.39682815613366,8.830693614299836,8.562515811720866,-2.4168838159063987e-05,-4.690960687271134e-06,8.813105915678613e-08,5.858477282010417e-10,2.928993652603672e-09,8.541269525255728
0.4525,68897.0,-2.343532137777259e-05,-4.622872873716861e-06,8.823611148504165e-08,5.89379922040021e-10,3.012858402011528e-09,0.1764722229700833,0.028302023856361807,-0.05905202467942595,8.529299816177184,7.377490288058252,8.801355417829896,8.534832521962665,-2.41708026533075e-05,-4.700203014088936e-06,8.813088272745154e-08,5.858444269816016e-10,2.928985128371779e-09,8.542006200481374
0.4575,66804.0,-2.4044714344746565e-05,-4.669554980103957e-06,8.776371801075646e-08,5.896508328192201e-10,2.9822442323270355e-09,0.1755274360215129,0.02831503299197895,-0.0584519869536099,8.522043668899379,7.371875932554211,8.78635233079049,8.525508693451146,-2.417262235243641e-05,-4.709015079073205e-06,8.813071423077416e-08,5.858412809902384e-10,2.9289769669662062e-09,8.54270955279101
0.4625,63399.0,-2.2440348418091984e-05,-4.625256829513866e-06,8.847116072584004e-08,5.918108963130549e-10,2.9650215888746597e-09,0.17694232145168007,0.0284187592409529,-0.05811442314194333,8.566036193748417,7.39235841538007,8.82323992979016,8.565080047730548,-2.4174302613428483e-05,-4.717416237399662e-06,8.813055332831973e-08,5.858382825517081e-10,2.9289691632776685e-09,8.543381093843607
0.4675,60883.0,-2.3005118911087442e-05,-4.726364466970995e-06,8.859173132416407e-08,5.908647410041997e-10,2.9513285163951428e-09,0.17718346264832813,0.02837332486302167,-0.0578460389213448,8.562721804249687,7.391333268822445,8.824143961657121,8.567867620270718,-2.4175850208526166e-05,-4.725425081804868e-06,8.813039968813669e-08,5.858354244945162e-10,2.9289617097016493e-09,8.544022248884188
0.47250000000000003,58229.0,-2.313378641680369e-05,-4.68098805826544e-06,8.870484760707659e-08,5.937060668412366e-10,2.9802625813900416e-09,0.17740969521415317,0.02850976532971618,-0.05841314659524482,8.55273701819926,7.38614619776696,8.819946509797912,8.560104723101656,-2.4177274951121006e-05,-4.733059489578304e-06,8.813025299732601e-08,5.858327000640348e-10,2.928954596024946e-09,8.544634332996482
0.47750000000000004,55911.0,-2.171376990538992e-05,-4.657101953575191e-06,8.81431723931476e-08,5.913714993362307e-10,2.991667658616659e-09,0.1762863447862952,0.0283976593981258,-0.05863668610888651,8.566483448681966,7.405419220871609,8.833032649986645,8.569928396236017,-2.4178590837779317e-05,-4.740336683668204e-06,8.813011297152251e-08,5.858301028370152e-10,2.928947809395926e-09,8.545218536742004
0.4825,54146.0,-2.2221824754184313e-05,-4.665397874238566e-06,8.798690551558754e-08,5.955298665065821e-10,2.9991454499288713e-09,0.1759738110311751,0.028597344189646073,-0.05878325081860588,8.555413726187455,7.398499798011464,8.822021693391687,8.559700096303958,-2.4179816472349294e-05,-4.747273301075472e-06,8.812997935985374e-08,5.858276266409008e-10,2.9289413344660763e-09,8.545775924582822
0.4875,51524.0,-2.218903073794654e-05,-4.67982687064095e-06,8.770406415360902e-08,5.931087097765856e-10,2.943215100325716e-09,0.17540812830721805,0.02848108024347164,-0.057687015966384037,8.557208991970287,7.400031388248924,8.81885788523152,8.5650197223451,-2.4180974701534537e-05,-4.753885458434378e-06,8.812985194502477e-08,5.858252654852659e-10,2.928935153796274e-09,8.54630744643498
0.4925,49480.0,-2.112937758015971e-05,-4.6436231143052636e-06,8.754783014033997e-08,5.952472794293205e-10,2.9184255813442144e-09,0.17509566028067994,0.028583774358195972,-0.0572011413943466,8.574985406996783,7.41310034071414,8.83167253410945,8.58251543353477,-2.4182091538170625e-05,-4.76018880417995e-06,8.812973053900827e-08,5.858230135144595e-10,2.928929248578037e-09,8.546813960169134
0.4975,47131.0,-2.2888118164366694e-05,-4.6090452548401104e-06,8.758962140702648e-08,5.94323072734046e-10,2.9346494282091554e-09,0.17517924281405298,0.028539393952688886,-0.05751912879289944,8.54624777799108,7.384567925044078,8.798415513452326,8.547098897555847,-2.4183194554840136e-05,-4.766198548877664e-06,8.812961497541282e-08,5.858208649891119e-10,2.928923599643863e-09,8.54729626125849
